region,do
Barnsley,
Bradford,
DorchesterandWeymouth,
Grantham,
Hastings,
IsleofWight,
LancasterandMorecambe,
MiddlesbroughandStockton,
Minehead,
Peterborough,
Poole,
ThetfordandMildenhall,
Whitby,
Andover,
Ashford,
Banbury,
Barnstaple,
BarrowinFurness,
Basingstoke,
Bath,
Bedford,
Bideford,
Birkenhead,
Birmingham,
Blackburn,
Blackpool,
BlandfordForumandGillingham,
BlythandAshington,
Boston,
Bournemouth,
Bridgwater,
Bridlington,
Bridport,
Brighton,
Bristol,y
Bude,
Burnley,
BurtonuponTrent,
BuryStEdmunds,
Buxton,
Cambridge,y
Canterbury,
Chelmsford,
Cheltenham,
Chesterfield,
ChichesterandBognorRegis,
Clacton,
Colchester,
Corby,
Coventry,
Crawley,
Crewe,
CromerandSheringham,
Darlington,
Derby,
Doncaster,
Dudley,
DurhamandBishopAuckland,
Eastbourne,
Evesham,
Exeter,y
Falmouth,
FolkestoneandDover,
Gloucester,
GreatYarmouth,
Grimsby,
GuildfordandAldershot,
Halifax,
Harrogate,
Hartlepool,
Hereford,
Hexham,
HighWycombeandAylesbury,
Huddersfield,
Hull,
Huntingdon,
Ipswich,
Kendal,
KetteringandWellingborough,
KingsLynn,
KingsbridgeandDartmouth,
Launceston,
LeamingtonSpa,
Leeds,y
Leicester,
Lincoln,
Liskeard,
Liverpool,
London,y
Lowestoft,
Ludlow,
Luton,
Malton,
Manchester,
Mansfield,
MargateandRamsgate,
Medway,
MiltonKeynes,
Newbury,
Newcastle,y
Northallerton,
Northampton,
Norwich,
Nottingham,y
Oxford,y
Penrith,
Penzance,
Plymouth,
Portsmouth,
Preston,
Reading,
RedruthandTruro,
Salisbury,
Scarborough,
Scunthorpe,
Sheffield,
Shrewsbury,
Sidmouth,
SkegnessandLouth,
Skipton,
SloughandHeathrow,
Southampton,
Southend,
Spalding,
StAustellandNewquay,
Stafford,
StevenageandWelwynGardenCity,
StokeonTrent,
StreetandWells,
Sunderland,
Swindon,
Taunton,
Telford,
TorquayandPaignton,
Trowbridge,
TunbridgeWells,
Wadebridge,
WakefieldandCastleford,
WarringtonandWigan,
WestonsuperMare,
Whitehaven,
Wisbech,
WolverhamptonandWalsall,
WorcesterandKidderminster,
Workington,
WorksopandRetford,
Worthing,
Yeovil,
York,y
